51.26651470588235, 40.588235294117645, 402.88235294117646, 91.05882352941177, -89.95927588235294, 1.0
51.524340625, 15.6875, 1489.875, 91.125, -89.91346125000001, 1471.9375
51.793571666666665, 16.88888888888889, 418.0, 91.11111111111111, -89.92307666666666, 0.0
52.029501999999994, 16.8, 417.73333333333335, 91.0, -90.0, 0.0
52.300607142857146, 16.857142857142858, 417.7142857142857, 91.0, -90.0, 0.0
52.5531375, 16.875, 417.3125, 91.0, -90.0, 0.0
52.813298124999996, 16.8125, 416.8125, 91.0625, -89.956730625, 0.0
53.07850375, 16.9375, 416.4375, 91.0625, -89.956730625, 0.0
53.3407975, 16.875, 411.25, 91.625, -89.56730625000002, 0.0
53.59425846153847, 17.0, 403.3076923076923, 92.92307692307692, -88.66863923076923, 13.846153846153847
53.851023846153836, 16.692307692307693, 436.3076923076923, 82.46153846153847, -95.91124538461538, 180.0
54.10780384615384, 15.692307692307692, 439.9230769230769, 132.46153846153845, -61.295856923076926, 180.0
54.36444615384616, 15.692307692307692, 440.3076923076923, 164.30769230769232, -39.24852076923077, 180.0
54.62178384615384, 16.615384615384617, 440.9230769230769, 191.76923076923077, -20.236686923076928, 180.0
54.87903846153846, 16.76923076923077, 440.0, 209.15384615384616, -8.201183538461537, 180.0
55.13648153846154, 16.923076923076923, 439.6923076923077, 217.15384615384616, -2.662722, 180.0
55.39345153846155, 17.076923076923077, 439.0769230769231, 227.07692307692307, 4.207100692307693, 180.0
55.650532307692316, 17.23076923076923, 440.46153846153845, 229.15384615384616, 5.6449707692307705, 180.0
55.907598461538456, 17.76923076923077, 440.3076923076923, 236.3846153846154, 10.65088807692308, 180.0
56.16515538461538, 14.923076923076923, 439.0769230769231, 193.46153846153845, -19.065089076923076, 69.23076923076923
56.42191076923076, 15.923076923076923, 429.0769230769231, 174.69230769230768, -32.05917, 0.0
56.678944615384616, 15.76923076923077, 429.61538461538464, 152.30769230769232, -47.55621153846153, 0.0
56.936309230769226, 15.76923076923077, 428.0769230769231, 134.0, -60.23076923076923, 0.0
57.193300000000015, 16.692307692307693, 424.84615384615387, 121.84615384615384, -68.64497153846155, 0.0
57.450508461538455, 16.153846153846153, 425.61538461538464, 105.76923076923077, -79.7751469230769, 0.0
57.70720153846154, 16.153846153846153, 423.46153846153845, 94.15384615384616, -87.81656769230769, 0.0
57.96615153846154, 16.53846153846154, 419.38461538461536, 94.3076923076923, -87.71006000000001, 0.0
58.223127692307685, 16.923076923076923, 418.0, 96.0, -86.53846, 0.0
58.4793853846154, 16.923076923076923, 417.38461538461536, 96.0, -86.53846, 0.0
58.73705153846154, 16.76923076923077, 417.2307692307692, 96.0, -86.53846, 0.0
58.99251692307692, 16.923076923076923, 416.7692307692308, 96.0, -86.53846, 0.0
59.25073923076923, 17.0, 416.7692307692308, 96.0, -86.53846, 0.0
59.50708076923077, 16.846153846153847, 416.84615384615387, 95.61538461538461, -86.80473307692309, 0.0
59.76444461538462, 16.846153846153847, 417.0769230769231, 95.23076923076923, -87.07100615384616, 0.0
60.02205538461537, 16.846153846153847, 417.15384615384613, 95.07692307692308, -87.1775153846154, 0.0
60.27939461538462, 17.0, 417.0, 95.23076923076923, -87.07100615384616, 0.0
60.53674, 17.0, 416.9230769230769, 95.0, -87.23077000000002, 0.0
60.79321538461538, 16.923076923076923, 416.6923076923077, 95.0, -87.23077000000002, 0.0
61.04905923076923, 16.692307692307693, 416.61538461538464, 95.0, -87.23077000000002, 0.0
61.306390769230774, 16.76923076923077, 417.0, 95.0, -87.23077000000002, 0.0
61.56652538461538, 16.76923076923077, 416.0, 95.23076923076923, -87.07100615384616, 0.0
61.82090692307694, 17.0, 416.0769230769231, 95.23076923076923, -87.07100615384616, 0.0
62.07996615384616, 16.692307692307693, 416.2307692307692, 95.0, -87.23077000000002, 0.0
62.33536692307693, 17.0, 416.0769230769231, 95.0, -87.23077000000002, 0.0
62.592679230769235, 17.0, 416.15384615384613, 95.15384615384616, -87.12426076923076, 0.0
62.850299230769224, 16.76923076923077, 416.38461538461536, 95.07692307692308, -87.1775153846154, 0.0
63.10731, 16.846153846153847, 416.15384615384613, 95.0, -87.23077000000002, 0.0
63.362706153846155, 16.846153846153847, 416.61538461538464, 95.0, -87.23077000000002, 0.0
63.620319230769226, 16.923076923076923, 416.2307692307692, 95.0, -87.23077000000002, 0.0
63.87717076923078, 16.76923076923077, 416.38461538461536, 95.0, -87.23077000000002, 0.0
64.13534, 17.0, 416.2307692307692, 95.0, -87.23077000000002, 0.0
64.39378538461538, 16.923076923076923, 416.2307692307692, 95.0, -87.23077000000002, 0.0
64.64904615384616, 16.846153846153847, 415.9230769230769, 95.0, -87.23077000000002, 0.0
64.90789, 17.0, 410.38461538461536, 96.0, -86.53846, 0.0
65.16556153846153, 16.76923076923077, 425.15384615384613, 81.0, -96.92307230769231, 152.30769230769232
65.42090307692308, 15.923076923076923, 439.84615384615387, 133.15384615384616, -60.816568461538466, 180.0
65.67757384615385, 15.23076923076923, 439.6923076923077, 163.69230769230768, -39.67455769230769, 180.0
65.93407615384616, 14.384615384615385, 439.2307692307692, 191.07692307692307, -20.71597553846154, 166.15384615384616
66.19188615384616, 16.0, 430.0769230769231, 200.69230769230768, -14.059171538461538, 0.0
66.45033461538462, 16.76923076923077, 419.7692307692308, 208.0, -8.99999953846154, 0.0
66.70812923076923, 16.923076923076923, 419.0769230769231, 209.30769230769232, -8.094675153846154, 0.0
66.96434230769229, 16.76923076923077, 418.6923076923077, 209.0, -8.307693, 0.0
67.22129, 17.0, 417.6923076923077, 209.07692307692307, -8.254438538461539, 0.0
67.47874615384616, 16.846153846153847, 417.6923076923077, 209.15384615384616, -8.201184076923077, 0.0
67.73562923076922, 16.76923076923077, 418.0769230769231, 209.0, -8.307693, 0.0
67.99283615384614, 16.923076923076923, 418.15384615384613, 209.0, -8.307693, 0.0
68.24894538461538, 17.0, 418.53846153846155, 209.0, -8.307693, 0.0
68.50672769230769, 16.923076923076923, 418.9230769230769, 209.0, -8.307693, 0.0
68.76413538461537, 16.923076923076923, 419.0769230769231, 208.92307692307693, -8.360947384615384, 0.0
69.02235384615385, 16.846153846153847, 419.15384615384613, 208.6153846153846, -8.573964923076923, 0.0
69.2790876923077, 17.0, 419.38461538461536, 208.92307692307693, -8.360947384615384, 0.0
69.53548384615387, 16.76923076923077, 419.6923076923077, 208.84615384615384, -8.41420176923077, 0.0
69.79248692307694, 17.0, 420.0, 208.46153846153845, -8.680473692307693, 0.0
70.05096615384615, 17.0, 421.2307692307692, 207.3846153846154, -9.426035384615385, 0.0
70.30921769230768, 16.615384615384617, 423.3076923076923, 202.15384615384616, -13.047336923076925, 0.0
70.5673076923077, 16.76923076923077, 422.38461538461536, 201.3846153846154, -13.579883076923078, 0.0
70.82174076923077, 16.23076923076923, 424.0769230769231, 193.0, -19.384615384615383, 0.0
71.07834384615384, 16.692307692307693, 426.7692307692308, 179.3846153846154, -28.810652307692312, 0.0
71.33662076923078, 16.23076923076923, 427.53846153846155, 163.15384615384616, -40.04733615384615, 0.0
71.59556692307692, 16.0, 433.3076923076923, 121.15384615384616, -69.12426076923076, 0.0
71.85047076923077, 16.307692307692307, 430.84615384615387, 91.46153846153847, -89.68047384615384, 0.0
72.10859769230768, 16.307692307692307, 426.61538461538464, 82.0, -96.2307676923077, 0.0
72.36528000000001, 16.846153846153847, 414.38461538461536, 88.84615384615384, -91.49112230769228, 0.0
72.62353692307693, 17.0, 428.61538461538464, 76.61538461538461, -99.95857461538458, 166.15384615384616
72.87914923076923, 15.692307692307692, 440.38461538461536, 124.38461538461539, -66.88757538461539, 180.0
73.13778307692309, 16.076923076923077, 440.15384615384613, 160.07692307692307, -42.17751538461539, 180.0
73.3937576923077, 16.076923076923077, 441.0769230769231, 187.46153846153845, -23.21893615384615, 180.0
73.65065307692308, 16.76923076923077, 439.53846153846155, 207.69230769230768, -9.213016307692307, 180.0
73.90759923076922, 16.53846153846154, 443.0769230769231, 210.53846153846155, -7.242603615384618, 180.0
74.1648676923077, 16.923076923076923, 442.15384615384613, 211.92307692307693, -6.284023461538461, 180.0
74.4219176923077, 15.692307692307692, 445.3076923076923, 206.84615384615384, -9.798817230769231, 166.15384615384616
74.67947692307692, 17.46153846153846, 445.0, 141.6153846153846, -54.95857923076923, 0.0
74.9362676923077, 15.923076923076923, 433.2307692307692, 111.07692307692308, -76.10059230769231, 0.0
75.19355153846153, 16.692307692307693, 429.3076923076923, 82.92307692307692, -95.59171769230768, 0.0
75.45071692307693, 16.846153846153847, 421.53846153846155, 91.53846153846153, -89.62722076923077, 0.0
75.70754, 16.923076923076923, 420.9230769230769, 90.76923076923077, -90.15976384615384, 0.0
75.96484923076922, 16.615384615384617, 420.3076923076923, 91.0, -90.0, 0.0
76.22219230769231, 16.923076923076923, 420.6923076923077, 91.0, -90.0, 0.0
76.47854000000001, 17.0, 420.6923076923077, 91.0, -90.0, 0.0
76.7379423076923, 17.0, 421.15384615384613, 91.0, -90.0, 0.0
76.99402846153845, 16.615384615384617, 421.38461538461536, 91.0, -90.0, 0.0
77.25109846153848, 17.0, 420.46153846153845, 91.0, -90.0, 0.0
77.50768384615384, 16.846153846153847, 419.3076923076923, 91.0, -90.0, 0.0
77.76446999999999, 17.076923076923077, 419.38461538461536, 91.0, -90.0, 0.0
78.02109230769231, 16.923076923076923, 419.84615384615387, 91.07692307692308, -89.9467453846154, 0.0
78.2789876923077, 17.0, 418.9230769230769, 91.0, -90.0, 0.0
78.53698153846153, 16.923076923076923, 418.38461538461536, 91.15384615384616, -89.89349076923077, 0.0
78.79312384615386, 16.923076923076923, 418.61538461538464, 91.0, -90.0, 0.0
79.04959307692307, 17.0, 419.0, 91.0, -90.0, 0.0
79.30667000000001, 17.0, 418.6923076923077, 91.0, -90.0, 0.0
79.56457384615383, 16.923076923076923, 418.3076923076923, 91.0, -90.0, 0.0
79.82204, 17.0, 415.7692307692308, 91.23076923076923, -89.84023615384616, 0.0
80.07874076923078, 17.0, 412.7692307692308, 92.0, -89.30769000000001, 0.0
80.33826923076923, 16.923076923076923, 409.46153846153845, 93.0, -88.61538923076924, 0.0
80.59236307692306, 17.076923076923077, 408.0, 92.61538461538461, -88.88165923076924, 0.0
80.84967846153846, 16.692307692307693, 406.61538461538464, 92.38461538461539, -89.04142076923078, 0.0
81.10787846153845, 16.846153846153847, 413.7692307692308, 79.92307692307692, -97.66864153846154, 96.92307692307692
81.36375230769232, 16.923076923076923, 440.0769230769231, 108.61538461538461, -77.80473384615384, 180.0
81.62081153846154, 15.76923076923077, 439.3076923076923, 140.46153846153845, -55.757396923076925, 180.0
81.87842692307692, 16.53846153846154, 437.46153846153845, 169.53846153846155, -35.62722, 180.0
82.13758, 17.0, 437.6923076923077, 181.23076923076923, -27.532545384615386, 180.0
82.39424384615384, 16.615384615384617, 440.53846153846155, 182.76923076923077, -26.46745692307692, 180.0
82.64961692307693, 16.76923076923077, 437.84615384615387, 190.0, -21.461536923076917, 180.0
82.90703076923076, 16.76923076923077, 438.2307692307692, 190.46153846153845, -21.14201153846154, 180.0
83.16459384615383, 16.846153846153847, 441.53846153846155, 192.0, -20.076919999999998, 180.0
83.42118384615387, 17.0, 447.15384615384613, 197.0, -16.615383076923077, 180.0
83.67889384615384, 16.846153846153847, 453.38461538461536, 191.92307692307693, -20.130176923076924, 180.0
83.93554384615383, 16.846153846153847, 447.3076923076923, 190.92307692307693, -20.82248461538461, 180.0
84.19254692307693, 17.0, 443.0, 191.0, -20.769229999999997, 180.0
84.45066230769231, 16.76923076923077, 444.0, 191.30769230769232, -20.55621153846154, 180.0
84.70798384615384, 16.846153846153847, 444.53846153846155, 191.0, -20.769229999999997, 180.0
84.96415692307693, 16.692307692307693, 445.46153846153845, 191.23076923076923, -20.60946615384615, 180.0
85.22098692307691, 16.846153846153847, 449.7692307692308, 191.0, -20.769229999999997, 180.0
85.47842999999999, 16.846153846153847, 444.84615384615387, 138.84615384615384, -56.87574, 13.846153846153847
85.73603923076924, 16.0, 428.15384615384613, 114.76923076923077, -73.54438, 0.0
85.99277384615385, 16.307692307692307, 422.46153846153845, 105.38461538461539, -80.04142307692308, 0.0
86.2503646153846, 17.0, 417.46153846153845, 108.61538461538461, -77.80473307692307, 0.0
86.50868846153847, 16.846153846153847, 417.7692307692308, 108.53846153846153, -77.85798769230769, 0.0
86.76454076923076, 17.0, 416.7692307692308, 108.3076923076923, -78.01775153846154, 0.0
87.02154615384615, 16.846153846153847, 416.38461538461536, 108.0, -78.23077, 0.0
87.28101153846153, 16.76923076923077, 416.15384615384613, 108.0, -78.23077, 0.0
87.53712230769231, 16.76923076923077, 416.0769230769231, 108.07692307692308, -78.17751538461539, 0.0
87.79338538461539, 16.923076923076923, 415.9230769230769, 108.0, -78.23077, 0.0
88.0507846153846, 16.923076923076923, 415.38461538461536, 108.0, -78.23077, 0.0
88.30750923076924, 16.76923076923077, 411.38461538461536, 108.23076923076923, -78.07100615384616, 0.0
88.56533230769232, 17.153846153846153, 417.38461538461536, 95.61538461538461, -86.80473538461538, 110.76923076923077
88.82098769230771, 16.307692307692307, 441.2307692307692, 133.69230769230768, -60.443786153846155, 180.0
89.07783461538462, 16.53846153846154, 438.9230769230769, 161.84615384615384, -40.952662307692314, 180.0
89.33513615384615, 16.23076923076923, 438.84615384615387, 171.76923076923077, -34.082840000000004, 180.0
89.59324076923076, 16.692307692307693, 438.9230769230769, 186.76923076923077, -23.698224615384614, 180.0
89.8497523076923, 16.692307692307693, 439.15384615384613, 193.46153846153845, -19.06508846153846, 180.0
90.10706692307693, 16.846153846153847, 439.84615384615387, 197.3846153846154, -16.34911384615385, 180.0
90.36661769230771, 17.076923076923077, 440.2307692307692, 199.0, -15.230770000000005, 180.0
90.62334769230772, 17.076923076923077, 444.0769230769231, 200.07692307692307, -14.485207615384619, 180.0
90.87860230769232, 17.076923076923077, 452.6923076923077, 198.3846153846154, -15.656805846153846, 138.46153846153845
91.13522923076923, 16.692307692307693, 437.9230769230769, 127.15384615384616, -64.97041307692307, 0.0
91.39451923076922, 16.076923076923077, 426.61538461538464, 114.92307692307692, -73.43787, 0.0
91.65043, 16.23076923076923, 423.6923076923077, 107.0, -78.92307846153848, 0.0
91.9071276923077, 16.76923076923077, 419.7692307692308, 105.07692307692308, -80.25443923076925, 0.0
92.16424384615385, 16.923076923076923, 418.6923076923077, 105.38461538461539, -80.04142307692308, 0.0
92.42254846153847, 16.846153846153847, 417.61538461538464, 106.0, -79.61539000000002, 0.0
92.67804000000001, 17.076923076923077, 416.38461538461536, 106.0, -79.61539000000002, 0.0
92.93516999999999, 17.0, 415.0769230769231, 105.92307692307692, -79.66864384615386, 0.0
93.19482076923076, 16.923076923076923, 411.46153846153845, 106.0, -79.61539000000002, 0.0
93.45177615384615, 17.0, 412.53846153846155, 93.6923076923077, -88.13609461538462, 83.07692307692308
93.70885538461538, 16.76923076923077, 441.0769230769231, 123.0, -67.84615230769231, 180.0
93.9636069230769, 16.615384615384617, 438.15384615384613, 145.0, -52.61538384615384, 180.0
94.22051923076923, 16.307692307692307, 438.0769230769231, 166.15384615384616, -37.97041307692307, 180.0
94.47795769230771, 16.692307692307693, 438.0, 184.0, -25.615385384615383, 180.0
94.73551384615384, 16.923076923076923, 439.2307692307692, 193.15384615384616, -19.278104615384613, 180.0
94.99301846153847, 16.846153846153847, 440.53846153846155, 197.3846153846154, -16.349114615384615, 180.0
95.24964461538463, 16.846153846153847, 442.9230769230769, 197.84615384615384, -16.02958923076923, 180.0
95.50666692307693, 16.923076923076923, 443.7692307692308, 197.30769230769232, -16.402371538461537, 180.0
95.764, 17.0, 444.38461538461536, 197.30769230769232, -16.402371538461537, 180.0
96.0209476923077, 17.23076923076923, 445.61538461538464, 202.69230769230768, -12.674557846153846, 180.0
96.2802246153846, 16.846153846153847, 450.53846153846155, 198.84615384615384, -15.337279461538461, 152.30769230769232
96.53854538461536, 17.23076923076923, 438.53846153846155, 123.76923076923077, -67.31360923076922, 0.0
96.79492307692307, 16.615384615384617, 425.6923076923077, 115.92307692307692, -72.74556307692308, 0.0
97.05050153846152, 16.23076923076923, 423.0769230769231, 109.15384615384616, -77.43195384615385, 0.0
97.30779846153845, 16.692307692307693, 420.53846153846155, 105.0, -80.30769307692307, 0.0
97.56484461538464, 16.692307692307693, 419.53846153846155, 103.0, -81.69230692307693, 0.0
97.82223076923077, 17.307692307692307, 419.2307692307692, 102.38461538461539, -82.11834307692308, 0.0
98.07950384615386, 16.76923076923077, 417.0, 103.0, -81.69231, 0.0
98.33795461538463, 16.846153846153847, 413.46153846153845, 103.0, -81.69231, 0.0
98.59549538461539, 16.923076923076923, 410.15384615384613, 103.0, -81.69231, 0.0
98.85141461538461, 16.923076923076923, 406.15384615384613, 103.23076923076923, -81.53254615384616, 0.0
99.1095069230769, 16.692307692307693, 417.6923076923077, 90.23076923076923, -90.5325453846154, 110.76923076923077
99.36669461538462, 16.53846153846154, 440.46153846153845, 124.84615384615384, -66.56804615384615, 180.0
99.62311538461539, 16.153846153846153, 439.38461538461536, 141.76923076923077, -54.852071538461544, 180.0
99.87971923076924, 16.153846153846153, 440.0, 162.30769230769232, -40.63313461538462, 180.0
100.13750000000002, 16.23076923076923, 439.6923076923077, 175.23076923076923, -31.68639153846153, 180.0
100.39314615384616, 16.615384615384617, 438.9230769230769, 189.69230769230768, -21.674555384615385, 180.0
100.65003846153846, 16.846153846153847, 440.46153846153845, 195.69230769230768, -17.52071, 180.0
100.90733076923077, 16.76923076923077, 439.84615384615387, 198.0, -15.92308, 180.0
101.16454615384616, 16.846153846153847, 440.3076923076923, 198.46153846153845, -15.603551538461542, 180.0
101.42272307692308, 16.846153846153847, 444.61538461538464, 198.07692307692307, -15.869825384615384, 180.0
101.6797846153846, 16.923076923076923, 447.9230769230769, 197.92307692307693, -15.976334615384616, 180.0
101.93615384615383, 17.153846153846153, 452.84615384615387, 184.6153846153846, -25.18935046153846, 110.76923076923077
102.19533846153847, 16.846153846153847, 434.46153846153845, 120.0, -69.92307538461537, 0.0
102.45140769230768, 16.0, 427.9230769230769, 103.38461538461539, -81.42603615384617, 0.0
102.70849230769232, 16.615384615384617, 421.53846153846155, 96.6923076923077, -86.05917153846153, 0.0
102.9655, 16.692307692307693, 418.9230769230769, 97.76923076923077, -85.31361000000001, 0.0
103.22212307692308, 16.923076923076923, 416.3076923076923, 99.0, -84.46154, 0.0
103.47963076923078, 16.846153846153847, 413.61538461538464, 99.0, -84.46154, 0.0
103.7373923076923, 16.846153846153847, 404.84615384615387, 99.3076923076923, -84.24852153846153, 0.0
103.99432307692308, 17.0, 432.3076923076923, 88.6923076923077, -91.59763615384614, 180.0
104.25057692307693, 16.153846153846153, 440.84615384615387, 132.15384615384616, -61.50887692307693, 180.0
104.50863846153848, 15.923076923076923, 440.0, 154.84615384615384, -45.79881692307693, 180.0
104.76725384615385, 16.076923076923077, 439.53846153846155, 171.84615384615384, -34.029586153846154, 180.0
105.02283846153847, 16.23076923076923, 439.3076923076923, 191.23076923076923, -20.60946846153846, 180.0
105.28192307692309, 16.923076923076923, 438.9230769230769, 206.0, -10.38461323076923, 180.0
105.53854615384616, 17.0, 441.0, 205.92307692307693, -10.437864615384614, 180.0
105.79513076923078, 17.153846153846153, 446.9230769230769, 212.46153846153845, -5.911240999999999, 180.0
106.0513846153846, 16.846153846153847, 453.53846153846155, 207.0, -9.692306076923078, 180.0
106.30933846153847, 17.615384615384617, 447.9230769230769, 146.15384615384616, -51.81656669230769, 13.846153846153847
106.56600769230769, 15.846153846153847, 432.53846153846155, 111.61538461538461, -75.72781, 0.0
106.82278461538462, 16.307692307692307, 426.6923076923077, 90.46153846153847, -90.37277999999999, 0.0
107.08164615384614, 17.384615384615383, 418.46153846153845, 94.46153846153847, -87.60354923076922, 0.0
107.33876923076923, 16.846153846153847, 412.6923076923077, 95.92307692307692, -86.59171461538462, 0.0
107.5957923076923, 16.923076923076923, 409.0769230769231, 96.15384615384616, -86.43195076923077, 0.0
107.85264615384617, 16.76923076923077, 408.9230769230769, 96.0, -86.53846, 0.0
108.10749230769233, 16.692307692307693, 404.0, 96.53846153846153, -86.1656776923077, 13.846153846153847
108.36523846153847, 17.307692307692307, 437.84615384615387, 90.3076923076923, -90.47929307692308, 180.0
108.62472307692308, 15.615384615384615, 440.2307692307692, 127.84615384615384, -64.49112384615385, 180.0
108.88045384615386, 15.923076923076923, 439.61538461538464, 152.15384615384616, -47.66272230769231, 180.0
109.13668461538462, 16.692307692307693, 439.84615384615387, 176.0, -31.15384461538462, 180.0
109.39644615384614, 16.46153846153846, 439.84615384615387, 191.15384615384616, -20.66272153846154, 180.0
109.65087692307694, 17.307692307692307, 440.38461538461536, 199.30769230769232, -15.01775076923077, 180.0
109.90826153846155, 16.76923076923077, 439.6923076923077, 200.3846153846154, -14.272186923076923, 180.0
110.16530000000002, 17.0, 444.53846153846155, 203.3846153846154, -12.195265076923079, 180.0
110.42215384615383, 16.923076923076923, 454.15384615384613, 175.6153846153846, -31.42011923076923, 96.92307692307692
110.68235384615384, 16.46153846153846, 431.46153846153845, 131.6153846153846, -61.88165615384614, 0.0
110.93823076923078, 16.076923076923077, 430.6923076923077, 105.53846153846153, -79.93491153846155, 0.0
111.19406153846151, 16.0, 423.61538461538464, 94.76923076923077, -87.39053076923076, 0.0
111.45167692307692, 16.846153846153847, 417.84615384615387, 99.84615384615384, -83.87573923076924, 0.0
111.70809230769231, 17.0, 415.46153846153845, 100.0, -83.76922999999998, 0.0
111.96535384615385, 16.692307692307693, 412.61538461538464, 100.07692307692308, -83.71597538461538, 0.0
112.22356923076921, 16.76923076923077, 411.2307692307692, 100.3076923076923, -83.55621153846151, 0.0
112.49094285714285, 16.714285714285715, 410.07142857142856, 100.14285714285714, -83.67032857142856, 0.0
112.75678461538463, 16.692307692307693, 402.38461538461536, 101.46153846153847, -82.75739384615385, 0.0
113.01376153846152, 17.0, 431.15384615384613, 91.3076923076923, -89.78698846153847, 180.0
113.27166153846156, 16.307692307692307, 439.7692307692308, 133.69230769230768, -60.44378692307692, 180.0
113.52878461538464, 15.846153846153847, 440.46153846153845, 161.53846153846155, -41.16568076923076, 180.0
113.78671538461539, 16.076923076923077, 440.0769230769231, 183.23076923076923, -26.147928461538463, 180.0
114.04299999999999, 16.615384615384617, 441.6923076923077, 196.46153846153845, -16.98816538461538, 180.0
114.30026153846153, 16.846153846153847, 441.53846153846155, 202.53846153846155, -12.781066153846158, 180.0
114.55756153846151, 16.46153846153846, 444.3076923076923, 202.07692307692307, -13.100594615384617, 180.0
114.81394615384615, 16.923076923076923, 446.46153846153845, 201.53846153846155, -13.473373076923075, 180.0
115.07073846153847, 16.76923076923077, 453.84615384615387, 200.07692307692307, -14.485205846153848, 152.30769230769232
115.32876923076923, 17.46153846153846, 438.7692307692308, 132.6153846153846, -61.18934923076923, 0.0
115.58542307692308, 15.461538461538462, 430.53846153846155, 113.53846153846153, -74.39644923076924, 0.0
115.84278461538462, 16.153846153846153, 423.7692307692308, 101.92307692307692, -82.43786846153846, 0.0
116.10063076923075, 17.0, 419.61538461538464, 104.46153846153847, -80.6804723076923, 0.0
116.35716923076924, 16.692307692307693, 418.61538461538464, 104.46153846153847, -80.6804723076923, 0.0
116.61456923076922, 16.692307692307693, 416.15384615384613, 104.6923076923077, -80.52070846153846, 0.0
116.87176923076926, 17.0, 415.0, 104.84615384615384, -80.4141992307692, 0.0
117.1279692307692, 16.923076923076923, 411.84615384615387, 105.0, -80.30769, 0.0
117.38510000000002, 16.76923076923077, 409.61538461538464, 105.0, -80.30769, 0.0
117.64214615384614, 16.692307692307693, 406.2307692307692, 105.07692307692308, -80.25443615384614, 0.0
117.89976153846155, 16.692307692307693, 404.61538461538464, 105.0, -80.30769, 0.0
118.15733846153846, 16.615384615384617, 419.3076923076923, 92.61538461538461, -88.88165538461539, 124.61538461538461
118.41652307692308, 16.076923076923077, 440.7692307692308, 126.84615384615384, -65.18343076923077, 180.0
118.67323846153846, 16.076923076923077, 440.15384615384613, 153.53846153846155, -46.7041423076923, 180.0
118.92868461538461, 16.46153846153846, 440.84615384615387, 176.3846153846154, -30.887573846153845, 180.0
119.18523076923078, 16.384615384615383, 440.38461538461536, 192.69230769230768, -19.597632307692308, 180.0
119.44343846153848, 16.76923076923077, 440.38461538461536, 196.84615384615384, -16.721896153846153, 180.0
119.70173846153845, 16.846153846153847, 441.38461538461536, 197.30769230769232, -16.402371538461537, 180.0
119.95713846153846, 16.76923076923077, 444.2307692307692, 197.0, -16.615389999999998, 180.0
120.21390769230769, 17.0, 453.84615384615387, 179.92307692307693, -28.43787053846154, 110.76923076923077
120.47128461538462, 17.153846153846153, 435.3076923076923, 120.53846153846153, -69.5502953846154, 0.0
120.72914615384614, 15.692307692307692, 429.0, 102.38461538461539, -82.1183423076923, 0.0
120.98590769230768, 16.307692307692307, 422.2307692307692, 99.23076923076923, -84.3017746153846, 0.0
121.24313076923077, 16.76923076923077, 419.46153846153845, 98.6923076923077, -84.67455846153847, 0.0
121.50187692307694, 16.846153846153847, 418.7692307692308, 99.76923076923077, -83.92899384615384, 0.0
121.75753846153846, 16.692307692307693, 418.7692307692308, 99.84615384615384, -83.87573923076924, 0.0
122.01506153846154, 16.846153846153847, 417.61538461538464, 99.61538461538461, -84.03550307692308, 0.0
122.27134615384615, 16.846153846153847, 415.38461538461536, 99.46153846153847, -84.14201230769231, 0.0
122.5278923076923, 16.846153846153847, 409.15384615384613, 100.0, -83.76922999999998, 0.0
122.78697692307695, 16.76923076923077, 405.0769230769231, 99.6923076923077, -83.98224769230768, 27.692307692307693
123.04288461538461, 17.0, 438.61538461538464, 94.61538461538461, -87.49704692307692, 180.0
123.30076923076922, 15.846153846153847, 440.3076923076923, 140.53846153846155, -55.70414153846154, 180.0
123.55960000000002, 15.846153846153847, 440.6923076923077, 163.6153846153846, -39.727810000000005, 180.0
123.81695384615385, 16.076923076923077, 440.53846153846155, 185.84615384615384, -24.337279230769227, 180.0
124.07174615384616, 16.692307692307693, 440.9230769230769, 196.69230769230768, -16.828402307692308, 180.0
124.33033846153846, 16.76923076923077, 441.7692307692308, 201.0, -13.846149999999996, 180.0
124.58664615384616, 16.53846153846154, 442.53846153846155, 200.76923076923077, -14.005913846153843, 180.0
124.84342307692307, 16.615384615384617, 450.84615384615387, 198.53846153846155, -15.550294769230767, 152.30769230769232
125.1010076923077, 17.076923076923077, 439.7692307692308, 126.53846153846153, -65.39644769230769, 0.0
125.35825384615383, 15.923076923076923, 432.0769230769231, 104.84615384615384, -80.41420076923076, 0.0
125.6148, 16.076923076923077, 424.0769230769231, 93.15384615384616, -88.50887846153847, 0.0
125.87183076923075, 16.615384615384617, 419.0, 98.53846153846153, -84.78106692307693, 0.0
126.12845384615382, 16.923076923076923, 415.84615384615387, 98.84615384615384, -84.56804923076923, 0.0
126.38633076923078, 16.923076923076923, 415.38461538461536, 98.84615384615384, -84.56804923076923, 0.0
126.64363076923074, 16.615384615384617, 414.84615384615387, 98.76923076923077, -84.62130384615385, 0.0
126.90029230769231, 16.692307692307693, 413.9230769230769, 98.92307692307692, -84.51479461538462, 0.0
127.15731538461539, 16.923076923076923, 409.46153846153845, 99.0, -84.46154, 0.0
127.41563846153846, 16.846153846153847, 413.84615384615387, 85.6923076923077, -93.67455846153847, 96.92307692307692
127.67168461538462, 15.923076923076923, 441.2307692307692, 122.0, -68.53846076923077, 180.0
127.92894615384616, 16.76923076923077, 440.84615384615387, 155.69230769230768, -45.21301846153847, 180.0
128.18576153846155, 16.307692307692307, 439.6923076923077, 172.53846153846155, -33.550294615384615, 180.0
128.44323846153847, 16.307692307692307, 440.53846153846155, 183.23076923076923, -26.147929230769233, 180.0
128.70026923076924, 16.923076923076923, 437.84615384615387, 190.76923076923077, -20.92899307692307, 180.0
128.9572769230769, 16.76923076923077, 438.6923076923077, 193.0, -19.384610000000002, 180.0
129.21498461538462, 16.846153846153847, 445.38461538461536, 193.30769230769232, -19.171593846153847, 180.0
129.47249999999997, 16.846153846153847, 450.15384615384613, 146.07692307692307, -51.86982153846154, 41.53846153846154
129.73093076923078, 16.384615384615383, 430.0, 115.3076923076923, -73.17159692307692, 0.0
129.98678461538458, 16.307692307692307, 424.46153846153845, 104.38461538461539, -80.73372923076924, 0.0
130.24536153846154, 16.923076923076923, 420.15384615384613, 105.61538461538461, -79.88165923076924, 0.0
130.5008, 16.53846153846154, 420.0, 104.15384615384616, -80.89349076923077, 0.0
130.75727692307692, 16.76923076923077, 419.3076923076923, 105.07692307692308, -80.25443615384614, 0.0
131.01496923076922, 16.923076923076923, 417.53846153846155, 105.07692307692308, -80.25443615384614, 0.0
131.27389230769234, 16.76923076923077, 416.7692307692308, 105.3076923076923, -80.0946746153846, 0.0
131.5305461538462, 16.692307692307693, 415.6923076923077, 105.6923076923077, -79.82840538461538, 0.0
131.78747692307692, 16.923076923076923, 416.0769230769231, 105.61538461538461, -79.88165923076924, 0.0
132.04257692307695, 16.846153846153847, 409.61538461538464, 106.38461538461539, -79.34911615384618, 0.0
132.29999230769232, 16.846153846153847, 434.38461538461536, 98.3076923076923, -84.94082538461537, 180.0
132.55779230769232, 15.461538461538462, 441.53846153846155, 138.23076923076923, -57.30177461538461, 180.0
132.81462307692303, 15.923076923076923, 440.9230769230769, 161.76923076923077, -41.00591615384615, 180.0
133.07136923076922, 16.153846153846153, 439.2307692307692, 181.0, -27.692307692307693, 180.0
133.3286923076923, 16.46153846153846, 437.46153846153845, 192.6153846153846, -19.650889230769227, 180.0
133.58615384615385, 16.846153846153847, 438.15384615384613, 199.76923076923077, -14.698223846153846, 180.0
133.84396153846154, 16.846153846153847, 443.61538461538464, 199.15384615384616, -15.124260769230773, 180.0
134.0995, 16.76923076923077, 447.3076923076923, 202.69230769230768, -12.674556769230774, 180.0
134.35693846153848, 17.23076923076923, 452.2307692307692, 164.30769230769232, -39.24852307692308, 69.23076923076923
134.6144923076923, 16.153846153846153, 431.0, 122.92307692307692, -67.89940923076924, 0.0
134.87374615384616, 16.307692307692307, 427.15384615384613, 103.61538461538461, -81.2662723076923, 0.0
135.1290230769231, 16.307692307692307, 420.84615384615387, 104.38461538461539, -80.73372769230771, 0.0
135.38650769230773, 16.692307692307693, 419.15384615384613, 106.84615384615384, -79.02958923076925, 0.0
135.6439, 16.923076923076923, 414.2307692307692, 106.92307692307692, -78.97633461538463, 0.0
135.90115384615385, 16.923076923076923, 406.0769230769231, 110.3076923076923, -76.6331376923077, 0.0
136.1580230769231, 17.153846153846153, 405.6923076923077, 118.38461538461539, -71.04142076923077, 0.0
136.41577692307692, 16.923076923076923, 406.38461538461536, 118.23076923076923, -71.14792846153846, 0.0
136.6720153846154, 17.23076923076923, 405.0769230769231, 118.15384615384616, -71.2011823076923, 0.0
136.92942307692306, 16.76923076923077, 402.15384615384613, 112.07692307692308, -75.40828384615384, 0.0
137.18852307692308, 16.846153846153847, 427.7692307692308, 96.53846153846153, -86.16568307692306, 152.30769230769232
137.44322307692306, 16.46153846153846, 441.53846153846155, 138.92307692307693, -56.822485384615376, 180.0
137.7016384615385, 16.153846153846153, 441.53846153846155, 156.6153846153846, -44.573965384615384, 180.0
137.9575846153846, 15.923076923076923, 441.2307692307692, 172.84615384615384, -33.33727923076923, 180.0
138.21429999999998, 16.307692307692307, 439.61538461538464, 191.07692307692307, -20.715976153846153, 180.0
138.47226153846154, 16.692307692307693, 442.53846153846155, 196.53846153846155, -16.934915384615383, 180.0
138.62155, 17.0, 450.5, 196.5, -16.96154, 180.0
82.49207, 0
85.87513, 1
89.5736, 0
91.84708, 1
94.49749, 0
97.54391, 1
100.276, 0
102.431, 1
104.9812, 0
106.6451, 1
109.2389, 0
110.9774, 1
113.8043, 0
115.8225, 1
119.0273, 0
120.7089, 1
123.7767, 0
125.3183, 1
128.5033, 0
130.0836, 1
133.1312, 0
134.7756, 1
138.0748, 0
